"link","type","ID","Event","Date","White","Black","Result","WhiteElo","BlackElo","TimeControl"
"http://www.chess.com/echess/game?id=102202308","echess",102202308,"Let's Play!","2014-12-23","judger1","thinkboolean","*","1660","1502","1 in 5 days"
"http://www.chess.com/echess/game?id=103054734","echess",103054734,"Let's Play!","2015-01-06","thinkboolean","JakeMan7","1/2-1/2","1500","1393","1 in 3 days"
"http://www.chess.com/echess/game?id=104031688","echess",104031688,"Let's Play!","2015-01-22","thinkboolean","risoarcher","0-1","1487","1580","1 in 3 days"
"http://www.chess.com/echess/game?id=103212438","echess",103212438,"Let's Play!","2015-01-09","thinkboolean","aaronogden","*","1504","1498","1 in 5 days"
"http://www.chess.com/livechess/game?id=1045210852","livechess",1045210852,"Live Chess","2015-01-30","Ryan4399","thinkboolean","0-1","1143","1180","5|0"
"http://www.chess.com/livechess/game?id=1045216471","livechess",1045216471,"Live Chess","2015-01-30","thinkboolean","apaulanderson","1-0","1188","1156","5|0"
"http://www.chess.com/livechess/game?id=1045236946","livechess",1045236946,"Live Chess","2015-01-30","thinkboolean","Chess_Dot_Com_Rocks","1-0","1196","1186","5|0"
"http://www.chess.com/livechess/game?id=1045244269","livechess",1045244269,"Live Chess","2015-01-30","gina0611","thinkboolean","1-0","1253","1189","5|0"
"http://www.chess.com/livechess/game?id=1045297005","livechess",1045297005,"Live Chess","2015-01-30","thinkboolean","bossinchess1","1-0","1198","1239","5|0"
"http://www.chess.com/livechess/game?id=1045299164","livechess",1045299164,"Live Chess","2015-01-30","ljmiii","thinkboolean","1-0","1235","1191","5|0"
"http://www.chess.com/livechess/game?id=1045915727","livechess",1045915727,"Live Chess","2015-01-31","thinkboolean","oldtrickyd61","1-0","1198","1146","5|0"
"http://www.chess.com/livechess/game?id=1045927043","livechess",1045927043,"Live Chess","2015-01-31","indramma","thinkboolean","1-0","1225","1190","5|0"
"http://www.chess.com/livechess/game?id=1045935582","livechess",1045935582,"Live Chess","2015-01-31","Jimbob444792","thinkboolean","0-1","1137","1197","5|0"
"http://www.chess.com/livechess/game?id=1046032989","livechess",1046032989,"Live Chess","2015-01-31","thinkboolean","thenextbobby","1-0","1205","1205","5|0"
"http://www.chess.com/livechess/game?id=1046338528","livechess",1046338528,"Live Chess","2015-01-31","thinkboolean","ZekeConquers","0-1","1198","1236","5|0"
"http://www.chess.com/livechess/game?id=1046354745","livechess",1046354745,"Live Chess","2015-01-31","yono12345","thinkboolean","1-0","1169","1189","5|0"
"http://www.chess.com/livechess/game?id=1046380245","livechess",1046380245,"Live Chess","2015-01-31","mckeage","thinkboolean","0-1","1189","1197","5|0"
"http://www.chess.com/livechess/game?id=1046406169","livechess",1046406169,"Live Chess","2015-01-31","thinkboolean","gsarwar13","1-0","1206","1231","5|0"
"http://www.chess.com/livechess/game?id=1046409053","livechess",1046409053,"Live Chess","2015-01-31","gsarwar13","thinkboolean","0-1","1222","1215","5|0"
"http://www.chess.com/livechess/game?id=1046413039","livechess",1046413039,"Live Chess","2015-01-31","thinkboolean","gsarwar13","1-0","1223","1214","5|0"
"http://www.chess.com/livechess/game?id=1046418306","livechess",1046418306,"Live Chess","2015-01-31","gsarwar13","thinkboolean","1-0","1222","1215","5|0"
"http://www.chess.com/livechess/game?id=1047182736","livechess",1047182736,"Live Chess","2015-02-01","thinkboolean","dariofaria","1-0","1222","1184","5|0"
"http://www.chess.com/livechess/game?id=1047247531","livechess",1047247531,"Live Chess","2015-02-01","africa80","thinkboolean","1-0","1235","1214","5|0"
"http://www.chess.com/livechess/game?id=1047300356","livechess",1047300356,"Live Chess","2015-02-01","thinkboolean","harold-duck","1-0","1221","1160","5|0"
"http://www.chess.com/livechess/game?id=1047303279","livechess",1047303279,"Live Chess","2015-02-01","thinkboolean","inomidis","1-0","1228","1180","5|0"
"http://www.chess.com/livechess/game?id=1047307746","livechess",1047307746,"Live Chess","2015-02-01","No0peration","thinkboolean","0-1","1224","1236","5|0"
"http://www.chess.com/livechess/game?id=1047311905","livechess",1047311905,"Live Chess","2015-02-01","pablosp","thinkboolean","0-1","1270","1245","5|0"
"http://www.chess.com/livechess/game?id=1048043190","livechess",1048043190,"Live Chess","2015-02-02","bgreally","thinkboolean","0-1","1245","1253","5|0"
"http://www.chess.com/livechess/game?id=1048072932","livechess",1048072932,"Live Chess","2015-02-02","thinkboolean","TigerOfSweden","0-1","1245","1271","5|0"
"http://www.chess.com/livechess/game?id=1048202900","livechess",1048202900,"Live Chess","2015-02-02","alexdj7","thinkboolean","1-0","1263","1237","5|0"
"http://www.chess.com/livechess/game?id=1048207358","livechess",1048207358,"Live Chess","2015-02-02","thinkboolean","mladenco","1-0","1245","1231","5|0"
"http://www.chess.com/livechess/game?id=1048209558","livechess",1048209558,"Live Chess","2015-02-02","mladenco","thinkboolean","0-1","1223","1253","5|0"
"http://www.chess.com/livechess/game?id=1048216317","livechess",1048216317,"Live Chess","2015-02-02","hirocabrela08","thinkboolean","0-1","1266","1261","5|0"
"http://www.chess.com/livechess/game?id=1048224182","livechess",1048224182,"Live Chess","2015-02-02","thinkboolean","slavkopsn","1-0","1269","1270","5|0"
"http://www.chess.com/livechess/game?id=1048229060","livechess",1048229060,"Live Chess","2015-02-02","slavkopsn","thinkboolean","1-0","1278","1261","5|0"
"http://www.chess.com/livechess/game?id=1048233589","livechess",1048233589,"Live Chess","2015-02-02","thinkboolean","slavkopsn","1-0","1269","1270","5|0"
"http://www.chess.com/livechess/game?id=1048239489","livechess",1048239489,"Live Chess","2015-02-02","slavkopsn","thinkboolean","1-0","1278","1261","5|0"
"http://www.chess.com/livechess/game?id=1048305101","livechess",1048305101,"Live Chess","2015-02-02","thinkboolean","kodsher1","0-1","1253","1277","5|0"
"http://www.chess.com/livechess/game?id=1048311105","livechess",1048311105,"Live Chess","2015-02-02","phillyexile","thinkboolean","1-0","1285","1246","5|0"
"http://www.chess.com/livechess/game?id=1048314445","livechess",1048314445,"Live Chess","2015-02-02","thinkboolean","phillyexile","0-1","1239","1292","5|0"
"http://www.chess.com/livechess/game?id=1048393215","livechess",1048393215,"Live Chess","2015-02-02","thinkboolean","TFHand","1-0","1245","1152","5|0"
"http://www.chess.com/livechess/game?id=1048403255","livechess",1048403255,"Live Chess","2015-02-02","thinkboolean","Xenobi","0-1","1237","1274","5|0"
"http://www.chess.com/livechess/game?id=1048407662","livechess",1048407662,"Live Chess","2015-02-02","gillgadiane","thinkboolean","1-0","1213","1228","5|0"
"http://www.chess.com/livechess/game?id=1048818511","livechess",1048818511,"Live Chess","2015-02-03","lbelsky","thinkboolean","0-1","1254","1237","5|0"
"http://www.chess.com/livechess/game?id=1048827608","livechess",1048827608,"Live Chess","2015-02-03","denislj","thinkboolean","0-1","1170","1244","5|0"
"http://www.chess.com/livechess/game?id=1048837024","livechess",1048837024,"Live Chess","2015-02-03","thinkboolean","jlsangon","0-1","1236","1248","5|0"
"http://www.chess.com/livechess/game?id=1048847894","livechess",1048847894,"Live Chess","2015-02-03","thinkboolean","oldman33","1-0","1244","1230","5|0"
"http://www.chess.com/livechess/game?id=1048855235","livechess",1048855235,"Live Chess","2015-02-03","thinkboolean","trigo7","0-1","1236","1260","3|0"
"http://www.chess.com/livechess/game?id=1049784314","livechess",1049784314,"Live Chess","2015-02-04","jmanselm","thinkboolean","1-0","1246","1228","10|0"
"http://www.chess.com/livechess/game?id=1049787895","livechess",1049787895,"Live Chess","2015-02-04","thinkboolean","jmanselm","1-0","1236","1238","10|0"
"http://www.chess.com/livechess/game?id=1049798545","livechess",1049798545,"Live Chess","2015-02-04","bob9990","thinkboolean","0-1","1199","1243","5|0"
"http://www.chess.com/livechess/game?id=1049806770","livechess",1049806770,"Live Chess","2015-02-04","thinkboolean","bob9990","0-1","1234","1208","5|0"
"http://www.chess.com/livechess/game?id=1049809694","livechess",1049809694,"Live Chess","2015-02-04","julips","thinkboolean","0-1","1257","1243","3|0"
"http://www.chess.com/livechess/game?id=1049814944","livechess",1049814944,"Live Chess","2015-02-04","thinkboolean","julips","1-0","1251","1249","3|0"
"http://www.chess.com/livechess/game?id=1051150806","livechess",1051150806,"Live Chess","2015-02-05","morrisat97","thinkboolean","1-0","1266","1243","3|0"
"http://www.chess.com/livechess/game?id=1051154755","livechess",1051154755,"Live Chess","2015-02-05","qgambit_7","thinkboolean","0-1","1209","1250","3|0"
"http://www.chess.com/livechess/game?id=1051157244","livechess",1051157244,"Live Chess","2015-02-05","thinkboolean","qgambit_7","1-0","1257","1202","3|0"
"http://www.chess.com/livechess/game?id=1051231026","livechess",1051231026,"Live Chess","2015-02-05","JozoOl","thinkboolean","1-0","1243","1248","3|0"
"http://www.chess.com/livechess/game?id=1051233240","livechess",1051233240,"Live Chess","2015-02-05","thinkboolean","drow80","0-1","1240","1259","3|0"
"http://www.chess.com/livechess/game?id=1051241486","livechess",1051241486,"Live Chess","2015-02-05","thinkboolean","rajmanojreddy","0-1","1231","1227","3|0"
"http://www.chess.com/livechess/game?id=1051263591","livechess",1051263591,"Live Chess","2015-02-05","thinkboolean","drmariosanchez","1-0","1239","1238","3|0"
"http://www.chess.com/livechess/game?id=1051311287","livechess",1051311287,"Live Chess","2015-02-05","stubburn","thinkboolean","1-0","1213","1230","3|0"
"http://www.chess.com/livechess/game?id=1051312483","livechess",1051312483,"Live Chess","2015-02-05","thinkboolean","stubburn","1-0","1238","1205","3|0"
"http://www.chess.com/livechess/game?id=1051315216","livechess",1051315216,"Live Chess","2015-02-05","stubburn","thinkboolean","1-0","1214","1229","3|0"
"http://www.chess.com/livechess/game?id=1051316384","livechess",1051316384,"Live Chess","2015-02-05","thinkboolean","stubburn","0-1","1221","1222","3|0"
"http://www.chess.com/livechess/game?id=1051318702","livechess",1051318702,"Live Chess","2015-02-05","stubburn","thinkboolean","1-0","1230","1213","3|0"
"http://www.chess.com/livechess/game?id=1051676186","livechess",1051676186,"Live Chess","2015-02-06","comuniska","thinkboolean","1-0","1238","1205","5|0"
"http://www.chess.com/livechess/game?id=1052006813","livechess",1052006813,"Live Chess","2015-02-06","OstojaK","thinkboolean","0-1","1228","1214","5|0"
"http://www.chess.com/livechess/game?id=1052073970","livechess",1052073970,"Live Chess","2015-02-06","thinkboolean","reyrata","0-1","1205","1180","5|0"
"http://www.chess.com/livechess/game?id=1052078188","livechess",1052078188,"Live Chess","2015-02-06","thinkboolean","dachilles1104","0-1","1198","1241","5|0"
"http://www.chess.com/livechess/game?id=1052080175","livechess",1052080175,"Live Chess","2015-02-06","Perhaja","thinkboolean","0-1","1225","1207","5|0"
"http://www.chess.com/livechess/game?id=1052086651","livechess",1052086651,"Live Chess","2015-02-06","thinkboolean","wav77","0-1","1199","1204","5|0"
"http://www.chess.com/livechess/game?id=1052089657","livechess",1052089657,"Live Chess","2015-02-06","hansver","thinkboolean","1-0","1188","1191","5|0"
"http://www.chess.com/livechess/game?id=1052313433","livechess",1052313433,"Live Chess","2015-02-06","thinkboolean","poorformaster","1-0","1198","1162","5|0"
"http://www.chess.com/livechess/game?id=1052318058","livechess",1052318058,"Live Chess","2015-02-06","poorformaster","thinkboolean","1-0","1171","1189","5|0"
"http://www.chess.com/livechess/game?id=1052576864","livechess",1052576864,"Live Chess","2015-02-07","thinkboolean","iDragon","0-1","1182","1230","5|0"
"http://www.chess.com/livechess/game?id=1052790605","livechess",1052790605,"Live Chess","2015-02-07","thinkboolean","saluafarjat","0-1","1176","1263","5|0"
"http://www.chess.com/livechess/game?id=1054274771","livechess",1054274771,"Live Chess","2015-02-08","joetowey35","thinkboolean","1-0","1188","1168","5|0"
"http://www.chess.com/livechess/game?id=1054277578","livechess",1054277578,"Live Chess","2015-02-08","Konnes","thinkboolean","0-1","1115","1175","5|0"
"http://www.chess.com/livechess/game?id=1054280638","livechess",1054280638,"Live Chess","2015-02-08","thinkboolean","Gilbert_Dice_Clay","0-1","1167","1169","5|0"
"http://www.chess.com/livechess/game?id=1054282321","livechess",1054282321,"Live Chess","2015-02-08","Gilbert_Dice_Clay","thinkboolean","1-0","1177","1159","5|0"
"http://www.chess.com/livechess/game?id=1054507819","livechess",1054507819,"Live Chess","2015-02-09","thinkboolean","StephaneMas","1-0","1166","1126","5|0"
"http://www.chess.com/livechess/game?id=1054508780","livechess",1054508780,"Live Chess","2015-02-09","cesarmasa","thinkboolean","0-1","1183","1175","5|0"
"http://www.chess.com/livechess/game?id=1054510123","livechess",1054510123,"Live Chess","2015-02-09","thinkboolean","BaldUrKkK","0-1","1167","1185","5|0"
"http://www.chess.com/livechess/game?id=1057019716","livechess",1057019716,"Live Chess","2015-02-11","thinkboolean","goodtime","1-0","1176","1187","5|0"
"http://www.chess.com/livechess/game?id=1057022886","livechess",1057022886,"Live Chess","2015-02-11","ingeloa","thinkboolean","1-0","1222","1169","5|0"
"http://www.chess.com/livechess/game?id=1057030725","livechess",1057030725,"Live Chess","2015-02-11","thinkboolean","lauti123","0-1","1161","1185","5|0"
"http://www.chess.com/livechess/game?id=1057089187","livechess",1057089187,"Live Chess","2015-02-11","BurakBakkal","thinkboolean","1-0","1144","1152","5|0"
"http://www.chess.com/livechess/game?id=1057092496","livechess",1057092496,"Live Chess","2015-02-11","thinkboolean","Galenocubano","0-1","1145","1194","5|0"
"http://www.chess.com/livechess/game?id=1057098935","livechess",1057098935,"Live Chess","2015-02-11","kgx","thinkboolean","0-1","1145","1153","5|0"
"http://www.chess.com/livechess/game?id=1057102992","livechess",1057102992,"Live Chess","2015-02-11","hwhap","thinkboolean","0-1","1124","1161","5|0"
"http://www.chess.com/livechess/game?id=1057109297","livechess",1057109297,"Live Chess","2015-02-11","thinkboolean","senolip","0-1","1153","1178","5|0"
"http://www.chess.com/livechess/game?id=1057234857","livechess",1057234857,"Live Chess","2015-02-11","deep_bughaw","thinkboolean","1-0","1146","1145","5|0"
"http://www.chess.com/livechess/game?id=1057239427","livechess",1057239427,"Live Chess","2015-02-11","515bgfish","thinkboolean","0-1","1088","1152","5|0"
"http://www.chess.com/livechess/game?id=1057244671","livechess",1057244671,"Live Chess","2015-02-11","thinkboolean","BATTLETORULE","1-0","1159","1110","5|0"
"http://www.chess.com/livechess/game?id=1060698168","livechess",1060698168,"Live Chess","2015-02-15","thinkboolean","picaso12","0-1","1150","1131","3|0"
"http://www.chess.com/livechess/game?id=1061333139","livechess",1061333139,"Live Chess","2015-02-15","Doyoulikechess","thinkboolean","0-1","1204","1159","3|0"
"http://www.chess.com/livechess/game?id=1061334704","livechess",1061334704,"Live Chess","2015-02-15","thinkboolean","danzarrella","1-0","1168","1192","3|0"
"http://www.chess.com/livechess/game?id=1061337728","livechess",1061337728,"Live Chess","2015-02-15","danzarrella","thinkboolean","0-1","1183","1177","3|0"
"http://www.chess.com/livechess/game?id=1061340246","livechess",1061340246,"Live Chess","2015-02-16","thinkboolean","danzarrella","1-0","1185","1175","3|0"
"http://www.chess.com/livechess/game?id=1062077657","livechess",1062077657,"Live Chess","2015-02-16","valgards","thinkboolean","1-0","1118","1175","3|0"
"http://www.chess.com/livechess/game?id=1062078768","livechess",1062078768,"Live Chess","2015-02-16","daal61","thinkboolean","1-0","1238","1168","3|0"
"http://www.chess.com/livechess/game?id=1062081398","livechess",1062081398,"Live Chess","2015-02-16","thinkboolean","mt_chess12","0-1","1159","1142","3|0"
"http://www.chess.com/livechess/game?id=1062116703","livechess",1062116703,"Live Chess","2015-02-16","Fantesticals","thinkboolean","0-1","1189","1168","5|0"
"http://www.chess.com/livechess/game?id=1062120583","livechess",1062120583,"Live Chess","2015-02-16","thinkboolean","rfedak70","1-0","1177","1187","5|0"
"http://www.chess.com/livechess/game?id=1062127496","livechess",1062127496,"Live Chess","2015-02-16","playnique","thinkboolean","0-1","1159","1185","5|0"
"http://www.chess.com/livechess/game?id=1062131903","livechess",1062131903,"Live Chess","2015-02-16","thinkboolean","sohaib1991","0-1","1178","1226","5|0"
"http://www.chess.com/livechess/game?id=1062135787","livechess",1062135787,"Live Chess","2015-02-16","sohaib1991","thinkboolean","0-1","1217","1187","5|0"
"http://www.chess.com/livechess/game?id=1062141998","livechess",1062141998,"Live Chess","2015-02-16","thinkboolean","Buffalomathprofessor","0-1","1180","1219","5|0"
"http://www.chess.com/livechess/game?id=1062146195","livechess",1062146195,"Live Chess","2015-02-16","IlanPH","thinkboolean","0-1","1237","1189","5|0"
"http://www.chess.com/livechess/game?id=1062152280","livechess",1062152280,"Live Chess","2015-02-16","thinkboolean","andrewhun","0-1","1180","1149","5|0"
"http://www.chess.com/livechess/game?id=1064056887","livechess",1064056887,"Live Chess","2015-02-18","Sidien","thinkboolean","1-0","1166","1171","5|0"
"http://www.chess.com/livechess/game?id=1064058502","livechess",1064058502,"Live Chess","2015-02-18","Quarteira","thinkboolean","0-1","1184","1179","5|0"
"http://www.chess.com/livechess/game?id=1064067126","livechess",1064067126,"Live Chess","2015-02-18","thinkboolean","eorcone","0-1","1171","1175","5|0"
"http://www.chess.com/livechess/game?id=1064071614","livechess",1064071614,"Live Chess","2015-02-18","bitterswee","thinkboolean","1-0","1205","1164","5|0"
"http://www.chess.com/livechess/game?id=1064414539","livechess",1064414539,"Live Chess","2015-02-18","thinkboolean","orangeblau","1-0","1172","1166","5|0"
"http://www.chess.com/livechess/game?id=1064419670","livechess",1064419670,"Live Chess","2015-02-18","thinkboolean","happyhappy123-12","1-0","1180","1162","5|0"
"http://www.chess.com/livechess/game?id=1064422926","livechess",1064422926,"Live Chess","2015-02-18","Climate","thinkboolean","1-0","1179","1172","5|0"
"http://www.chess.com/livechess/game?id=1064423951","livechess",1064423951,"Live Chess","2015-02-18","thinkboolean","chasesmith1988","1-0","1180","1157","5|0"
"http://www.chess.com/livechess/game?id=1064424786","livechess",1064424786,"Live Chess","2015-02-18","thinkboolean","pfg1000","1-0","1189","1198","5|0"
"http://www.chess.com/livechess/game?id=1064429412","livechess",1064429412,"Live Chess","2015-02-18","jrwh","thinkboolean","0-1","1155","1196","5|0"
"http://www.chess.com/livechess/game?id=1064433833","livechess",1064433833,"Live Chess","2015-02-18","thinkboolean","daudi4jazz","1-0","1205","1233","5|0"
"http://www.chess.com/livechess/game?id=1064437820","livechess",1064437820,"Live Chess","2015-02-18","thebear007","thinkboolean","0-1","1217","1213","5|0"
"http://www.chess.com/livechess/game?id=1064442114","livechess",1064442114,"Live Chess","2015-02-18","thinkboolean","thebear007","0-1","1205","1225","5|0"
"http://www.chess.com/livechess/game?id=1065112065","livechess",1065112065,"Live Chess","2015-02-19","eawy","thinkboolean","1/2-1/2","1205","1205","5|0"
"http://www.chess.com/livechess/game?id=1065119701","livechess",1065119701,"Live Chess","2015-02-19","limptwins","thinkboolean","1-0","1193","1197","5|0"
"http://www.chess.com/livechess/game?id=1065120043","livechess",1065120043,"Live Chess","2015-02-19","mastdig","thinkboolean","0-1","1156","1204","5|0"
"http://www.chess.com/livechess/game?id=1068996650","livechess",1068996650,"Live Chess","2015-02-23","thinkboolean","ericworth","0-1","1197","1237","5|0"
"http://www.chess.com/livechess/game?id=1069005880","livechess",1069005880,"Live Chess","2015-02-23","thinkboolean","juanqui72","0-1","1189","1186","5|0"
"http://www.chess.com/livechess/game?id=1069012527","livechess",1069012527,"Live Chess","2015-02-23","daveax","thinkboolean","1/2-1/2","1171","1189","5|0"
"http://www.chess.com/livechess/game?id=1069014758","livechess",1069014758,"Live Chess","2015-02-23","thinkboolean","rmeza","1-0","1198","1211","5|0"
"http://www.chess.com/livechess/game?id=1069017811","livechess",1069017811,"Live Chess","2015-02-23","rmeza","thinkboolean","0-1","1203","1206","5|0"
"http://www.chess.com/livechess/game?id=1069024404","livechess",1069024404,"Live Chess","2015-02-23","thinkboolean","MLADVONVLAD","0-1","1198","1216","5|0"
"http://www.chess.com/livechess/game?id=1069625408","livechess",1069625408,"Live Chess","2015-02-23","thinkboolean","falschenspieler69","1-0","1205","1167","5|0"
"http://www.chess.com/livechess/game?id=1069630849","livechess",1069630849,"Live Chess","2015-02-23","falschenspieler69","thinkboolean","0-1","1160","1212","5|0"
"http://www.chess.com/livechess/game?id=1069636317","livechess",1069636317,"Live Chess","2015-02-23","thinkboolean","itzulini","0-1","1205","1251","5|0"
"http://www.chess.com/livechess/game?id=1069642859","livechess",1069642859,"Live Chess","2015-02-23","athanatos1","thinkboolean","1-0","1276","1198","5|0"
"http://www.chess.com/livechess/game?id=1069965633","livechess",1069965633,"Live Chess","2015-02-24","thinkboolean","SpanishOpening","1-0","1207","1222","5|0"
"http://www.chess.com/livechess/game?id=1069973732","livechess",1069973732,"Live Chess","2015-02-24","JohnnyBoudeaux","thinkboolean","0-1","1180","1215","5|0"
"http://www.chess.com/livechess/game?id=1069976813","livechess",1069976813,"Live Chess","2015-02-24","thinkboolean","mochiagete","0-1","1206","1202","5|0"
"http://www.chess.com/livechess/game?id=1069981329","livechess",1069981329,"Live Chess","2015-02-24","thinkboolean","Kingha01","1-0","1213","1153","5|0"
"http://www.chess.com/livechess/game?id=1069990542","livechess",1069990542,"Live Chess","2015-02-24","dagnall01","thinkboolean","0-1","1195","1221","5|0"
"http://www.chess.com/livechess/game?id=1069994915","livechess",1069994915,"Live Chess","2015-02-24","eraketh","thinkboolean","0-1","1222","1229","5|0"
"http://www.chess.com/livechess/game?id=1070108872","livechess",1070108872,"Live Chess","2015-02-24","joe2069xlm","thinkboolean","1-0","1229","1221","5|0"
"http://www.chess.com/livechess/game?id=1070116468","livechess",1070116468,"Live Chess","2015-02-24","thinkboolean","AzizRida","1-0","1229","1196","5|0"
"http://www.chess.com/livechess/game?id=1070122066","livechess",1070122066,"Live Chess","2015-02-24","tmather49","thinkboolean","1-0","1191","1220","5|0"
"http://www.chess.com/livechess/game?id=1070148902","livechess",1070148902,"Live Chess","2015-02-24","thinkboolean","vanasd","1-0","1229","1254","5|0"
"http://www.chess.com/livechess/game?id=1070158194","livechess",1070158194,"Live Chess","2015-02-24","ValdesMacedonia","thinkboolean","1-0","1224","1221","5|0"
"http://www.chess.com/livechess/game?id=1070466713","livechess",1070466713,"Live Chess","2015-02-24","thinkboolean","abonazemattar","1-0","1230","1249","5|0"
"http://www.chess.com/livechess/game?id=1070484569","livechess",1070484569,"Live Chess","2015-02-24","Stander--J","thinkboolean","1-0","1216","1221","5|0"
"http://www.chess.com/livechess/game?id=1071583939","livechess",1071583939,"Live Chess","2015-02-25","thinkboolean","jdhdez10","0-1","1214","1250","5|0"
"http://www.chess.com/livechess/game?id=1071587229","livechess",1071587229,"Live Chess","2015-02-25","thinkboolean","AleRodLozano","0-1","1205","1187","5|0"
"http://www.chess.com/livechess/game?id=1071616796","livechess",1071616796,"Live Chess","2015-02-25","thinkboolean","loristoteles","0-1","1197","1202","5|0"
"http://www.chess.com/livechess/game?id=1071620182","livechess",1071620182,"Live Chess","2015-02-25","kalloskagathos","thinkboolean","1-0","1183","1188","5|0"
"http://www.chess.com/livechess/game?id=1071621791","livechess",1071621791,"Live Chess","2015-02-25","thinkboolean","kalloskagathos","1-0","1196","1175","5|0"
"http://www.chess.com/livechess/game?id=1071627820","livechess",1071627820,"Live Chess","2015-02-25","kalloskagathos","thinkboolean","1/2-1/2","1175","1196","5|0"
"http://www.chess.com/livechess/game?id=1071633933","livechess",1071633933,"Live Chess","2015-02-25","AlexV82Taxi","thinkboolean","0-1","1147","1203","5|0"
"http://www.chess.com/livechess/game?id=1071649753","livechess",1071649753,"Live Chess","2015-02-25","thinkboolean","blackothellofli","0-1","1194","1183","5|0"
"http://www.chess.com/livechess/game?id=1072003274","livechess",1072003274,"Live Chess","2015-02-26","thinkboolean","archimedesjlj","0-1","1185","1163","5|0"
"http://www.chess.com/livechess/game?id=1072007310","livechess",1072007310,"Live Chess","2015-02-26","DNMOONEY","thinkboolean","0-1","1207","1194","5|0"
"http://www.chess.com/livechess/game?id=1072009949","livechess",1072009949,"Live Chess","2015-02-26","saltyfish101","thinkboolean","1-0","1145","1185","5|0"
"http://www.chess.com/livechess/game?id=1073684646","livechess",1073684646,"Live Chess","2015-02-27","angozapa","thinkboolean","0-1","1253","1195","5|0"
"http://www.chess.com/livechess/game?id=1073690477","livechess",1073690477,"Live Chess","2015-02-27","l2099","thinkboolean","0-1","1191","1203","5|0"
"http://www.chess.com/livechess/game?id=1073726478","livechess",1073726478,"Live Chess","2015-02-27","thinkboolean","sainaaaa","1-0","1211","1203","5|0"
"http://www.chess.com/livechess/game?id=1073729962","livechess",1073729962,"Live Chess","2015-02-27","sainaaaa","thinkboolean","0-1","1195","1219","5|0"
"http://www.chess.com/livechess/game?id=1073735154","livechess",1073735154,"Live Chess","2015-02-27","thinkboolean","ramtulla123","0-1","1212","1277","5|0"
"http://www.chess.com/livechess/game?id=1073739965","livechess",1073739965,"Live Chess","2015-02-27","thinkboolean","sainaaaa","1/2-1/2","1212","1195","5|0"
"http://www.chess.com/livechess/game?id=1073746076","livechess",1073746076,"Live Chess","2015-02-27","atilla59","thinkboolean","1-0","1187","1203","5|0"
"http://www.chess.com/livechess/game?id=1074048101","livechess",1074048101,"Live Chess","2015-02-28","thinkboolean","Emilalal","0-1","1194","1180","5|0"
"http://www.chess.com/livechess/game?id=1074111790","livechess",1074111790,"Live Chess","2015-02-28","thinkboolean","stafski","1-0","1203","1235","5|0"
"http://www.chess.com/livechess/game?id=1074120059","livechess",1074120059,"Live Chess","2015-02-28","thinkboolean","macbethsghost","0-1","1194","1176","5|0"
"http://www.chess.com/livechess/game?id=1074126671","livechess",1074126671,"Live Chess","2015-02-28","kdrmanac","thinkboolean","1-0","1154","1185","5|0"
"http://www.chess.com/livechess/game?id=1074129448","livechess",1074129448,"Live Chess","2015-02-28","thinkboolean","sanjay-narayan-1970","0-1","1178","1216","5|0"
"http://www.chess.com/livechess/game?id=1074460870","livechess",1074460870,"Live Chess","2015-02-28","bcornel","thinkboolean","0-1","1205","1187","5|0"
"http://www.chess.com/livechess/game?id=1074472154","livechess",1074472154,"Live Chess","2015-02-28","jkjk0707","thinkboolean","0-1","1178","1195","5|0"
"http://www.chess.com/livechess/game?id=1074473689","livechess",1074473689,"Live Chess","2015-02-28","Loffaa","thinkboolean","0-1","1167","1203","5|0"
"http://www.chess.com/livechess/game?id=1074524635","livechess",1074524635,"Live Chess","2015-02-28","thinkboolean","SB31","1-0","1211","1191","5|0"
"http://www.chess.com/livechess/game?id=1074532101","livechess",1074532101,"Live Chess","2015-02-28","jovicmar","thinkboolean","1/2-1/2","1251","1212","5|0"
"http://www.chess.com/livechess/game?id=1074559982","livechess",1074559982,"Live Chess","2015-02-28","jamijrod","thinkboolean","0-1","1127","1218","5|0"
"http://www.chess.com/livechess/game?id=1074564442","livechess",1074564442,"Live Chess","2015-02-28","thinkboolean","jamijrod","0-1","1208","1137","5|0"
"http://www.chess.com/livechess/game?id=1074603170","livechess",1074603170,"Live Chess","2015-02-28","thinkboolean","Zenmastur","1/2-1/2","1208","1196","5|0"
"http://www.chess.com/livechess/game?id=1074671130","livechess",1074671130,"Live Chess","2015-02-28","thinkboolean","alperkumlu","1-0","1215","1141","5|0"
"http://www.chess.com/livechess/game?id=1074676763","livechess",1074676763,"Live Chess","2015-02-28","alperkumlu","thinkboolean","0-1","1135","1221","5|0"
"http://www.chess.com/livechess/game?id=1075386515","livechess",1075386515,"Live Chess","2015-03-01","thinkboolean","prken","1-0","1229","1215","5|0"
"http://www.chess.com/livechess/game?id=1075400796","livechess",1075400796,"Live Chess","2015-03-01","Buckmeister","thinkboolean","1-0","1256","1221","5|0"
"http://www.chess.com/livechess/game?id=1075406963","livechess",1075406963,"Live Chess","2015-03-01","MohammadShirazi","thinkboolean","0-1","1189","1228","5|0"
"http://www.chess.com/livechess/game?id=1075409802","livechess",1075409802,"Live Chess","2015-03-01","thinkboolean","jsb1589","1-0","1236","1205","5|0"
"http://www.chess.com/livechess/game?id=1075414162","livechess",1075414162,"Live Chess","2015-03-01","FaflAf","thinkboolean","1-0","1263","1228","5|0"
"http://www.chess.com/livechess/game?id=1075415109","livechess",1075415109,"Live Chess","2015-03-01","thinkboolean","FaflAf","1/2-1/2","1229","1262","5|0"
"http://www.chess.com/livechess/game?id=1075425487","livechess",1075425487,"Live Chess","2015-03-01","FaflAf","thinkboolean","1-0","1269","1222","5|0"
"http://www.chess.com/echess/game?id=106089472","echess",106089472,"Let's Play!","2015-02-23","thinkboolean","thundercloud5204","*","1502","1505","1 in 14 days"
"http://www.chess.com/echess/game?id=106211132","echess",106211132,"Let's Play!","2015-02-25","aaronogden","thinkboolean","*","1482","1502","1 in 5 days"
"http://www.chess.com/echess/game?id=101575620","echess",101575620,"Let's Play!","2014-12-12","aaronogden","thinkboolean","1/2-1/2","1498","1507","1 in 5 days"
"http://www.chess.com/echess/game?id=103082236","echess",103082236,"Let's Play!","2015-01-07","risoarcher","thinkboolean","1-0","1611","1496","1 in 3 days"
"http://www.chess.com/echess/game?id=103058746","echess",103058746,"Let's Play!","2015-01-06","thinkboolean","Rasulov123","1-0","1512","1511","1 in 3 days"
"http://www.chess.com/echess/game?id=103893182","echess",103893182,"Let's Play!","2015-01-20","tunedal","thinkboolean","1-0","1695","1504","1 in 3 days"
"http://www.chess.com/livechess/game?id=1014810754","livechess",1014810754,"Live Chess","2014-12-30","nothingzhere","thinkboolean","0-1","1032","1063","1|0"
"http://www.chess.com/livechess/game?id=1014812873","livechess",1014812873,"Live Chess","2014-12-30","thinkboolean","Beto-Vitriol25","0-1","1054","1028","1|0"
"http://www.chess.com/livechess/game?id=1014813498","livechess",1014813498,"Live Chess","2014-12-30","thinkboolean","Bluesclues24","1-0","1063","1100","1|0"
"http://www.chess.com/livechess/game?id=1014477941","livechess",1014477941,"Live Chess","2014-12-30","Benl22","thinkboolean","0-1","1053","1116","5|0"
"http://www.chess.com/livechess/game?id=1014585026","livechess",1014585026,"Live Chess","2014-12-30","alexrodriguez30","thinkboolean","1-0","1121","1108","5|0"
"http://www.chess.com/livechess/game?id=1014658924","livechess",1014658924,"Live Chess","2014-12-30","thinkboolean","miguelpiyo","0-1","1099","1080","3|0"
"http://www.chess.com/livechess/game?id=1014664900","livechess",1014664900,"Live Chess","2014-12-30","thinkboolean","ilakrout","1/2-1/2","1097","1022","3|0"
"http://www.chess.com/livechess/game?id=1014936682","livechess",1014936682,"Live Chess","2014-12-30","ChinoJ","thinkboolean","1-0","1107","1089","3|0"
"http://www.chess.com/livechess/game?id=1015538582","livechess",1015538582,"Live Chess","2014-12-31","thinkboolean","ScipioTT","0-1","1111","1214","3|0"
"http://www.chess.com/livechess/game?id=1016987333","livechess",1016987333,"Live Chess","2015-01-02","thinkboolean","riseNfallofafatboy","1-0","1191","1223","3|0"
"http://www.chess.com/livechess/game?id=1045045787","livechess",1045045787,"Live Chess","2015-01-30","thinkboolean","chessboogieman","0-1","1172","1164","5|0"
"http://www.chess.com/livechess/game?id=1015677945","livechess",1015677945,"Live Chess","2014-12-31","Mr_Nosegaffeier","thinkboolean","1-0","1233","1165","3|0"
"http://www.chess.com/livechess/game?id=1015680103","livechess",1015680103,"Live Chess","2014-12-31","thinkboolean","89gca","1-0","1173","1151","3|0"
"http://www.chess.com/livechess/game?id=1015681656","livechess",1015681656,"Live Chess","2014-12-31","thinkboolean","ViisasVelho","0-1","1165","1202","3|0"
"http://www.chess.com/livechess/game?id=1015691294","livechess",1015691294,"Live Chess","2014-12-31","thinkboolean","Queenslayer17","1/2-1/2","1166","1181","3|0"
"http://www.chess.com/livechess/game?id=1015714562","livechess",1015714562,"Live Chess","2014-12-31","Chago11","thinkboolean","1-0","1176","1159","3|0"
"http://www.chess.com/livechess/game?id=1015717926","livechess",1015717926,"Live Chess","2014-12-31","krakun","thinkboolean","0-1","1174","1168","3|0"
"http://www.chess.com/livechess/game?id=1015721018","livechess",1015721018,"Live Chess","2014-12-31","thinkboolean","shaym","0-1","1161","1221","3|0"
"http://www.chess.com/livechess/game?id=1015784360","livechess",1015784360,"Live Chess","2014-12-31","lalaasghar","thinkboolean","1-0","1191","1154","3|0"
"http://www.chess.com/livechess/game?id=1015814768","livechess",1015814768,"Live Chess","2014-12-31","supanfm","thinkboolean","0-1","1111","1161","3|0"
"http://www.chess.com/livechess/game?id=1015815722","livechess",1015815722,"Live Chess","2014-12-31","thinkboolean","ginoguervil","0-1","1155","1255","3|0"
"http://www.chess.com/livechess/game?id=1015818747","livechess",1015818747,"Live Chess","2014-12-31","ginoguervil","thinkboolean","1-0","1261","1149","3|0"
"http://www.chess.com/livechess/game?id=1015837663","livechess",1015837663,"Live Chess","2014-12-31","thinkboolean","xto-m3","1-0","1158","1183","3|0"
"http://www.chess.com/livechess/game?id=1015840293","livechess",1015840293,"Live Chess","2014-12-31","thinkboolean","Valeaussie","0-1","1150","1158","3|0"
"http://www.chess.com/livechess/game?id=1016740910","livechess",1016740910,"Live Chess","2015-01-01","unclexom","thinkboolean","0-1","1144","1158","3|0"
"http://www.chess.com/livechess/game?id=1016744308","livechess",1016744308,"Live Chess","2015-01-01","thinkboolean","sanjivraj","1-0","1167","1201","3|0"
"http://www.chess.com/livechess/game?id=1016972191","livechess",1016972191,"Live Chess","2015-01-02","thinkboolean","drudo","1-0","1173","1078","3|0"
"http://www.chess.com/livechess/game?id=1016984037","livechess",1016984037,"Live Chess","2015-01-02","rbailey88","thinkboolean","0-1","1145","1182","3|0"
"http://www.chess.com/livechess/game?id=1016990384","livechess",1016990384,"Live Chess","2015-01-02","thinkboolean","liviulozneanu77","1-0","1200","1216","3|0"
"http://www.chess.com/livechess/game?id=1016995219","livechess",1016995219,"Live Chess","2015-01-02","biinch2","thinkboolean","1-0","1167","1183","3|0"
"http://www.chess.com/livechess/game?id=1017776851","livechess",1017776851,"Live Chess","2015-01-02","thinkboolean","rayan93","1-0","1192","1218","3|0"
"http://www.chess.com/livechess/game?id=1017801066","livechess",1017801066,"Live Chess","2015-01-02","Samuel-_","thinkboolean","1-0","1226","1185","5|0"
"http://www.chess.com/livechess/game?id=1017805377","livechess",1017805377,"Live Chess","2015-01-02","thinkboolean","LesterMurphy","0-1","1179","1277","5|0"
"http://www.chess.com/livechess/game?id=1017810830","livechess",1017810830,"Live Chess","2015-01-02","thinkboolean","jcp1563","0-1","1164","1142","5|0"
"http://www.chess.com/livechess/game?id=1017815959","livechess",1017815959,"Live Chess","2015-01-02","thinkboolean","jksacks15","1-0","1172","1153","5|0"
"http://www.chess.com/livechess/game?id=1017816904","livechess",1017816904,"Live Chess","2015-01-02","guillermourb","thinkboolean","0-1","1201","1181","5|0"
"http://www.chess.com/livechess/game?id=1017821698","livechess",1017821698,"Live Chess","2015-01-02","thinkboolean","simo_phillips","1-0","1190","1206","5|0"
"http://www.chess.com/livechess/game?id=1017828097","livechess",1017828097,"Live Chess","2015-01-02","thinkboolean","simo_phillips","1-0","1191","1205","5|0"
"http://www.chess.com/livechess/game?id=1017833481","livechess",1017833481,"Live Chess","2015-01-02","simo_phillips","thinkboolean","0-1","1197","1199","5|0"
"http://www.chess.com/livechess/game?id=1018574418","livechess",1018574418,"Live Chess","2015-01-03","thinkboolean","eatsfre2000","0-1","1190","1179","5|0"
"http://www.chess.com/livechess/game?id=1018585409","livechess",1018585409,"Live Chess","2015-01-03","thinkboolean","TheBear421","1-0","1204","1151","5|0"
"http://www.chess.com/livechess/game?id=1018595885","livechess",1018595885,"Live Chess","2015-01-03","Waleedeid","thinkboolean","0-1","1198","1203","5|0"
"http://www.chess.com/livechess/game?id=1018613299","livechess",1018613299,"Live Chess","2015-01-03","moono1234","thinkboolean","1-0","1202","1203","10|0"
"http://www.chess.com/livechess/game?id=1018618988","livechess",1018618988,"Live Chess","2015-01-03","thinkboolean","moono1234","0-1","1195","1210","10|0"
"http://www.chess.com/livechess/game?id=1018629478","livechess",1018629478,"Live Chess","2015-01-03","tito73","thinkboolean","1-0","1214","1180","10|0"
"http://www.chess.com/livechess/game?id=1019150938","livechess",1019150938,"Live Chess","2015-01-04","aneyzam","thinkboolean","1-0","1190","1180","10|0"
"http://www.chess.com/livechess/game?id=1019164072","livechess",1019164072,"Live Chess","2015-01-04","alex_ninos","thinkboolean","1-0","1147","1171","10|0"
"http://www.chess.com/livechess/game?id=1020323589","livechess",1020323589,"Live Chess","2015-01-05","thinkboolean","QUETZALITO2011","0-1","1163","1185","10|0"
"http://www.chess.com/livechess/game?id=1020336500","livechess",1020336500,"Live Chess","2015-01-05","Sova_usara","thinkboolean","0-1","1167","1171","10|0"
"http://www.chess.com/livechess/game?id=1020357822","livechess",1020357822,"Live Chess","2015-01-05","alex_xandr","thinkboolean","0-1","1149","1186","10|0"
"http://www.chess.com/livechess/game?id=1020858480","livechess",1020858480,"Live Chess","2015-01-05","thinkboolean","patientchessgame","1-0","1187","1210","10|0"
"http://www.chess.com/livechess/game?id=1021028406","livechess",1021028406,"Live Chess","2015-01-06","bvsh","thinkboolean","1-0","1224","1180","10|0"
"http://www.chess.com/livechess/game?id=1021038743","livechess",1021038743,"Live Chess","2015-01-06","Andrew1240","thinkboolean","0-1","1263","1198","10|0"
"http://www.chess.com/livechess/game?id=1021047102","livechess",1021047102,"Live Chess","2015-01-06","thinkboolean","didierforever","1-0","1206","1191","10|0"
"http://www.chess.com/livechess/game?id=1021054585","livechess",1021054585,"Live Chess","2015-01-06","edomedo1234","thinkboolean","0-1","1201","1222","10|0"
"http://www.chess.com/livechess/game?id=1021068467","livechess",1021068467,"Live Chess","2015-01-06","thinkboolean","espirituernan","1-0","1230","1205","10|0"
"http://www.chess.com/livechess/game?id=1021600487","livechess",1021600487,"Live Chess","2015-01-06","thinkboolean","pouyaa10","0-1","1213","1231","10|0"
"http://www.chess.com/livechess/game?id=1021662591","livechess",1021662591,"Live Chess","2015-01-06","JavierIgnacioPerezCa","thinkboolean","0-1","1217","1221","10|0"
"http://www.chess.com/livechess/game?id=1021667285","livechess",1021667285,"Live Chess","2015-01-06","thinkboolean","JavierIgnacioPerezCa","0-1","1213","1225","10|0"
"http://www.chess.com/livechess/game?id=1021724809","livechess",1021724809,"Live Chess","2015-01-06","SilencioAnima","thinkboolean","0-1","1166","1212","10|0"
"http://www.chess.com/livechess/game?id=1021942249","livechess",1021942249,"Live Chess","2015-01-06","VaciaH","thinkboolean","1-0","1227","1197","10|0"
"http://www.chess.com/livechess/game?id=1021944644","livechess",1021944644,"Live Chess","2015-01-06","tumuruu2013","thinkboolean","1/2-1/2","1158","1196","10|0"
"http://www.chess.com/livechess/game?id=1022018652","livechess",1022018652,"Live Chess","2015-01-07","risoarcher","thinkboolean","1-0","1202","1173","10|0"
"http://www.chess.com/livechess/game?id=1022383072","livechess",1022383072,"Live Chess","2015-01-07","thinkboolean","me262t","0-1","1158","1187","10|0"
"http://www.chess.com/livechess/game?id=1022393266","livechess",1022393266,"Live Chess","2015-01-07","AGUAMARINA61","thinkboolean","0-1","1146","1158","10|0"
"http://www.chess.com/livechess/game?id=1022409044","livechess",1022409044,"Live Chess","2015-01-07","thinkboolean","mikorepanov","0-1","1150","1162","10|0"
"http://www.chess.com/livechess/game?id=1022441144","livechess",1022441144,"Live Chess","2015-01-07","thinkboolean","Zafe","0-1","1141","1134","10|0"
"http://www.chess.com/livechess/game?id=1022457882","livechess",1022457882,"Live Chess","2015-01-07","joaqin","thinkboolean","1-0","1121","1140","10|0"
"http://www.chess.com/livechess/game?id=1022661473","livechess",1022661473,"Live Chess","2015-01-07","halilburakoz","thinkboolean","1-0","1162","1132","10|0"
"http://www.chess.com/livechess/game?id=1022946590","livechess",1022946590,"Live Chess","2015-01-07","thinkboolean","jorges","1-0","1141","1152","10|0"
"http://www.chess.com/livechess/game?id=1022953255","livechess",1022953255,"Live Chess","2015-01-07","ServalCat","thinkboolean","1-0","1115","1139","10|0"
"http://www.chess.com/livechess/game?id=1022958392","livechess",1022958392,"Live Chess","2015-01-07","thinkboolean","Sudarsansarma","0-1","1121","1102","10|0"
"http://www.chess.com/livechess/game?id=1022960414","livechess",1022960414,"Live Chess","2015-01-07","madafakajones","thinkboolean","0-1","1040","1127","10|0"
"http://www.chess.com/livechess/game?id=1022977340","livechess",1022977340,"Live Chess","2015-01-07","Mohammed-Sawalha","thinkboolean","1-0","1194","1132","10|0"
"http://www.chess.com/livechess/game?id=1022981453","livechess",1022981453,"Live Chess","2015-01-08","hibora","thinkboolean","1-0","1172","1132","10|0"
"http://www.chess.com/livechess/game?id=1022982902","livechess",1022982902,"Live Chess","2015-01-08","thinkboolean","harbinger109","0-1","1124","1131","10|0"
"http://www.chess.com/livechess/game?id=1024883998","livechess",1024883998,"Live Chess","2015-01-09","thinkboolean","vsk657","0-1","1116","1100","10|0"
"http://www.chess.com/livechess/game?id=1024909004","livechess",1024909004,"Live Chess","2015-01-09","jackliiw","thinkboolean","0-1","1159","1133","10|0"
"http://www.chess.com/livechess/game?id=1024916687","livechess",1024916687,"Live Chess","2015-01-09","thinkboolean","Baki_23","1-0","1141","1113","10|0"
"http://www.chess.com/livechess/game?id=1027132509","livechess",1027132509,"Live Chess","2015-01-12","thinkboolean","lyon90","0-1","1131","1136","10|0"
"http://www.chess.com/livechess/game?id=1027740467","livechess",1027740467,"Live Chess","2015-01-12","thinkboolean","dayinthepark","1-0","1125","1114","10|0"
"http://www.chess.com/livechess/game?id=1027746984","livechess",1027746984,"Live Chess","2015-01-12","thinkboolean","hirocabrela08","0-1","1110","1168","10|0"
"http://www.chess.com/livechess/game?id=1027752349","livechess",1027752349,"Live Chess","2015-01-12","fkrv","thinkboolean","0-1","1130","1119","10|0"
"http://www.chess.com/livechess/game?id=1027760095","livechess",1027760095,"Live Chess","2015-01-12","thinkboolean","donderrell","1-0","1126","1081","10|0"
"http://www.chess.com/livechess/game?id=1027768759","livechess",1027768759,"Live Chess","2015-01-12","thinkboolean","Sightorsson","1-0","1134","1112","10|0"
"http://www.chess.com/livechess/game?id=1028259961","livechess",1028259961,"Live Chess","2015-01-13","vasiliadisteo","thinkboolean","1-0","1147","1126","10|0"
"http://www.chess.com/livechess/game?id=1028274985","livechess",1028274985,"Live Chess","2015-01-13","enargins","thinkboolean","1-0","1165","1113","10|0"
"http://www.chess.com/livechess/game?id=1028291589","livechess",1028291589,"Live Chess","2015-01-13","herrtrost","thinkboolean","0-1","1111","1121","10|0"
"http://www.chess.com/livechess/game?id=1028297959","livechess",1028297959,"Live Chess","2015-01-13","thinkboolean","swyk","1-0","1128","1079","10|0"
"http://www.chess.com/livechess/game?id=1028334067","livechess",1028334067,"Live Chess","2015-01-13","thinkboolean","Yetzirah1990","0-1","1129","1129","10|0"
"http://www.chess.com/livechess/game?id=1031112007","livechess",1031112007,"Live Chess","2015-01-16","samist","thinkboolean","1-0","1125","1147","10|0"
"http://www.chess.com/livechess/game?id=1031115635","livechess",1031115635,"Live Chess","2015-01-16","thinkboolean","samist","1-0","1154","1118","10|0"
"http://www.chess.com/livechess/game?id=1031527687","livechess",1031527687,"Live Chess","2015-01-16","Sloethrop","thinkboolean","1-0","1199","1150","10|0"
"http://www.chess.com/livechess/game?id=1031542748","livechess",1031542748,"Live Chess","2015-01-16","jhayvee888","thinkboolean","1-0","1229","1144","10|0"
"http://www.chess.com/livechess/game?id=1031594186","livechess",1031594186,"Live Chess","2015-01-16","thinkboolean","cornoplayer","1-0","1159","1116","10|0"
"http://www.chess.com/livechess/game?id=1031596702","livechess",1031596702,"Live Chess","2015-01-16","thinkboolean","Just-a-Player","0-1","1152","1201","10|0"
"http://www.chess.com/livechess/game?id=1031607167","livechess",1031607167,"Live Chess","2015-01-16","thinkboolean","henryh702","1-0","1166","1092","10|0"
"http://www.chess.com/livechess/game?id=1031609932","livechess",1031609932,"Live Chess","2015-01-16","thinkboolean","walterwego","1/2-1/2","1167","1213","10|0"
"http://www.chess.com/livechess/game?id=1031612818","livechess",1031612818,"Live Chess","2015-01-16","thinkboolean","odessa440","0-1","1159","1164","10|0"
"http://www.chess.com/livechess/game?id=1031633558","livechess",1031633558,"Live Chess","2015-01-16","shorelinelaw","thinkboolean","0-1","1180","1175","10|0"
"http://www.chess.com/livechess/game?id=1031634860","livechess",1031634860,"Live Chess","2015-01-16","pinotwiz","thinkboolean","0-1","1188","1184","10|0"
"http://www.chess.com/livechess/game?id=1031637924","livechess",1031637924,"Live Chess","2015-01-16","tommyzee","thinkboolean","1-0","1181","1176","10|0"
"http://www.chess.com/livechess/game?id=1031646649","livechess",1031646649,"Live Chess","2015-01-16","didierforever","thinkboolean","0-1","1192","1192","10|0"
"http://www.chess.com/livechess/game?id=1031647685","livechess",1031647685,"Live Chess","2015-01-16","thinkboolean","laozi77","0-1","1183","1168","10|0"
"http://www.chess.com/livechess/game?id=1031650689","livechess",1031650689,"Live Chess","2015-01-16","logofhog","thinkboolean","1-0","1170","1175","10|0"
"http://www.chess.com/livechess/game?id=1033793282","livechess",1033793282,"Live Chess","2015-01-19","J-Alcibiades","thinkboolean","1-0","1155","1166","10|0"
"http://www.chess.com/livechess/game?id=1034568737","livechess",1034568737,"Live Chess","2015-01-19","thinkboolean","ROBBOC","1-0","1174","1265","10|0"
"http://www.chess.com/livechess/game?id=1035153208","livechess",1035153208,"Live Chess","2015-01-20","noknoknokpenny","thinkboolean","0-1","1151","1182","10|0"
"http://www.chess.com/livechess/game?id=1035160895","livechess",1035160895,"Live Chess","2015-01-20","fbinmahfooz","thinkboolean","0-1","1106","1182","10|0"
"http://www.chess.com/livechess/game?id=1035180940","livechess",1035180940,"Live Chess","2015-01-20","thinkboolean","REBB1","0-1","1182","1190","10|0"
"http://www.chess.com/livechess/game?id=1035186821","livechess",1035186821,"Live Chess","2015-01-20","thinkboolean","SnodeJager","1-0","1191","1194","10|0"
"http://www.chess.com/livechess/game?id=1035238929","livechess",1035238929,"Live Chess","2015-01-20","thinkboolean","hollywood1usa","1-0","1190","1184","10|0"
"http://www.chess.com/livechess/game?id=1035254074","livechess",1035254074,"Live Chess","2015-01-20","hollywood1usa","thinkboolean","1-0","1192","1182","10|0"
"http://www.chess.com/livechess/game?id=1035456154","livechess",1035456154,"Live Chess","2015-01-20","thinkboolean","scorpioromeo37","1-0","1199","1246","5|0"
"http://www.chess.com/livechess/game?id=1035462423","livechess",1035462423,"Live Chess","2015-01-20","scorpioromeo37","thinkboolean","1-0","1253","1192","5|0"
"http://www.chess.com/livechess/game?id=1035934805","livechess",1035934805,"Live Chess","2015-01-21","phillyexile","thinkboolean","1-0","1277","1186","5|0"
"http://www.chess.com/livechess/game?id=1035942780","livechess",1035942780,"Live Chess","2015-01-21","thinkboolean","phillyexile","1-0","1196","1267","5|0"
"http://www.chess.com/livechess/game?id=1035950933","livechess",1035950933,"Live Chess","2015-01-21","rachitm","thinkboolean","1-0","1208","1188","5|0"
"http://www.chess.com/livechess/game?id=1035952277","livechess",1035952277,"Live Chess","2015-01-21","thinkboolean","imre5885","0-1","1181","1228","5|0"
"http://www.chess.com/livechess/game?id=1035969207","livechess",1035969207,"Live Chess","2015-01-21","thinkboolean","geecash718","1-0","1166","1192","5|0"
"http://www.chess.com/livechess/game?id=1035977255","livechess",1035977255,"Live Chess","2015-01-21","Raunak_G","thinkboolean","0-1","1178","1174","5|0"
"http://www.chess.com/livechess/game?id=1036385059","livechess",1036385059,"Live Chess","2015-01-21","thinkboolean","prefuse","0-1","1158","1165","5|0"
"http://www.chess.com/livechess/game?id=1036408925","livechess",1036408925,"Live Chess","2015-01-21","thinkboolean","haaarlo","1-0","1173","1170","5|0"
"http://www.chess.com/livechess/game?id=1036446920","livechess",1036446920,"Live Chess","2015-01-21","Frgazer30","thinkboolean","1-0","1175","1165","5|0"
"http://www.chess.com/livechess/game?id=1038158813","livechess",1038158813,"Live Chess","2015-01-23","thinkboolean","timtatari","0-1","1166","1260","5|0"
"http://www.chess.com/livechess/game?id=1038161604","livechess",1038161604,"Live Chess","2015-01-23","jilllaw","thinkboolean","1-0","1216","1159","5|0"
"http://www.chess.com/livechess/game?id=1038170666","livechess",1038170666,"Live Chess","2015-01-23","nssiz","thinkboolean","0-1","1175","1168","5|0"
"http://www.chess.com/livechess/game?id=1038175238","livechess",1038175238,"Live Chess","2015-01-23","thinkboolean","_vlk","1-0","1176","1154","5|0"
"http://www.chess.com/livechess/game?id=1038184290","livechess",1038184290,"Live Chess","2015-01-23","thinkboolean","alienouse","0-1","1168","1196","5|0"
"http://www.chess.com/livechess/game?id=1038185904","livechess",1038185904,"Live Chess","2015-01-23","Halssand","thinkboolean","0-1","1160","1176","5|0"
"http://www.chess.com/livechess/game?id=1038193976","livechess",1038193976,"Live Chess","2015-01-23","thinkboolean","Triz1","1-0","1185","1206","5|0"
"http://www.chess.com/livechess/game?id=1038202898","livechess",1038202898,"Live Chess","2015-01-23","DChristopherD","thinkboolean","1-0","1152","1176","5|0"
"http://www.chess.com/livechess/game?id=1039951455","livechess",1039951455,"Live Chess","2015-01-25","thinkboolean","Eteeee","1-0","1182","1168","5|0"
"http://www.chess.com/livechess/game?id=1040247856","livechess",1040247856,"Live Chess","2015-01-25","Tauger74","thinkboolean","0-1","1162","1198","5|0"
"http://www.chess.com/livechess/game?id=1040256329","livechess",1040256329,"Live Chess","2015-01-25","thinkboolean","Tauger74","1-0","1205","1155","5|0"
"http://www.chess.com/livechess/game?id=1040299308","livechess",1040299308,"Live Chess","2015-01-25","slepiputnik","thinkboolean","1/2-1/2","1194","1206","5|0"
"http://www.chess.com/livechess/game?id=1040302701","livechess",1040302701,"Live Chess","2015-01-25","thinkboolean","FRANCOBOLIVAR","1/2-1/2","1207","1231","5|0"
"http://www.chess.com/livechess/game?id=1040339575","livechess",1040339575,"Live Chess","2015-01-25","bat8295","thinkboolean","0-1","1226","1216","5|0"
"http://www.chess.com/livechess/game?id=1040372977","livechess",1040372977,"Live Chess","2015-01-25","polarlula","thinkboolean","0-1","1210","1232","5|0"
"http://www.chess.com/livechess/game?id=1040379313","livechess",1040379313,"Live Chess","2015-01-25","thinkboolean","thebourgeoisdefense","0-1","1225","1288","5|0"
"http://www.chess.com/livechess/game?id=1041370748","livechess",1041370748,"Live Chess","2015-01-26","thinkboolean","Holloweengambit","0-1","1199","1180","5|0"
"http://www.chess.com/livechess/game?id=1041373653","livechess",1041373653,"Live Chess","2015-01-26","thinkboolean","dubhlinn","0-1","1191","1190","5|0"
"http://www.chess.com/livechess/game?id=1041378017","livechess",1041378017,"Live Chess","2015-01-26","davidoff_bcn","thinkboolean","1-0","1262","1184","5|0"
"http://www.chess.com/livechess/game?id=1041922667","livechess",1041922667,"Live Chess","2015-01-27","kassim7","thinkboolean","1-0","1136","1165","5|0"
"http://www.chess.com/livechess/game?id=1041971730","livechess",1041971730,"Live Chess","2015-01-27","leodwita","thinkboolean","1-0","1156","1157","5|0"
"http://www.chess.com/livechess/game?id=1041972344","livechess",1041972344,"Live Chess","2015-01-27","thinkboolean","jomanchesst","1-0","1165","1156","5|0"
"http://www.chess.com/livechess/game?id=1041981634","livechess",1041981634,"Live Chess","2015-01-27","jomanchesst","thinkboolean","0-1","1148","1173","5|0"
"http://www.chess.com/livechess/game?id=1041989718","livechess",1041989718,"Live Chess","2015-01-27","thinkboolean","bertoro1","1-0","1181","1176","5|0"
"http://www.chess.com/livechess/game?id=1015368121","livechess",1015368121,"Live Chess","2014-12-31","BojanaBojana","thinkboolean","1/2-1/2","1080","1089","3|0"
"http://www.chess.com/livechess/game?id=1015460282","livechess",1015460282,"Live Chess","2014-12-31","thinkboolean","cknick","1-0","1099","1152","3|0"
"http://www.chess.com/livechess/game?id=1015465107","livechess",1015465107,"Live Chess","2014-12-31","thinkboolean","IstraBA","1-0","1105","1001","3|0"
"http://www.chess.com/livechess/game?id=1015506385","livechess",1015506385,"Live Chess","2014-12-31","GetBeyondFit","thinkboolean","0-1","1087","1113","3|0"
"http://www.chess.com/livechess/game?id=1015511911","livechess",1015511911,"Live Chess","2014-12-31","balisterod","thinkboolean","1-0","1176","1106","3|0"
"http://www.chess.com/livechess/game?id=1015533263","livechess",1015533263,"Live Chess","2014-12-31","ScipioTT","thinkboolean","0-1","1208","1117","3|0"
"http://www.chess.com/livechess/game?id=1015539484","livechess",1015539484,"Live Chess","2014-12-31","ScipioTT","thinkboolean","1-0","1220","1105","3|0"
"http://www.chess.com/livechess/game?id=1015541957","livechess",1015541957,"Live Chess","2014-12-31","thinkboolean","ScipioTT","1-0","1116","1209","3|0"
"http://www.chess.com/livechess/game?id=1015546952","livechess",1015546952,"Live Chess","2014-12-31","ScipioTT","thinkboolean","0-1","1199","1126","3|0"
"http://www.chess.com/livechess/game?id=1015552468","livechess",1015552468,"Live Chess","2014-12-31","thinkboolean","mcskili","0-1","1119","1156","3|0"
"http://www.chess.com/livechess/game?id=1015557019","livechess",1015557019,"Live Chess","2014-12-31","AmirDaneshmand","thinkboolean","0-1","1197","1129","3|0"
"http://www.chess.com/livechess/game?id=1015560016","livechess",1015560016,"Live Chess","2014-12-31","thinkboolean","AmirDaneshmand","1-0","1139","1187","3|0"
"http://www.chess.com/livechess/game?id=1015564174","livechess",1015564174,"Live Chess","2014-12-31","thinkboolean","eddy1968","1-0","1146","1100","3|0"
"http://www.chess.com/livechess/game?id=1015569346","livechess",1015569346,"Live Chess","2014-12-31","MOSIURRAHMAN","thinkboolean","0-1","1169","1155","3|0"
"http://www.chess.com/livechess/game?id=1015573091","livechess",1015573091,"Live Chess","2014-12-31","thinkboolean","Dave667","1-0","1161","1063","3|0"
"http://www.chess.com/livechess/game?id=1015577598","livechess",1015577598,"Live Chess","2014-12-31","hadik","thinkboolean","0-1","1184","1170","3|0"
"http://www.chess.com/livechess/game?id=1015580220","livechess",1015580220,"Live Chess","2014-12-31","thinkboolean","hadik","1-0","1178","1176","3|0"
"http://www.chess.com/livechess/game?id=1015584789","livechess",1015584789,"Live Chess","2014-12-31","hadik","thinkboolean","0-1","1168","1186","3|0"
"http://www.chess.com/livechess/game?id=1015670819","livechess",1015670819,"Live Chess","2014-12-31","Mr_Nosegaffeier","thinkboolean","1-0","1219","1179","3|0"
"http://www.chess.com/livechess/game?id=1015695519","livechess",1015695519,"Live Chess","2014-12-31","Queenslayer17","thinkboolean","1-0","1189","1158","3|0"
"http://www.chess.com/livechess/game?id=1016957493","livechess",1016957493,"Live Chess","2015-01-02","Maharba627","thinkboolean","1-0","1205","1160","3|0"
"http://www.chess.com/livechess/game?id=1016974745","livechess",1016974745,"Live Chess","2015-01-02","thinkboolean","Cheszko","0-1","1167","1251","3|0"
"http://www.chess.com/livechess/game?id=1016993516","livechess",1016993516,"Live Chess","2015-01-02","Yoda2013","thinkboolean","1-0","1191","1192","3|0"
"http://www.chess.com/livechess/game?id=1017809703","livechess",1017809703,"Live Chess","2015-01-02","fahdiansyah","thinkboolean","1-0","1279","1173","5|0"
"http://www.chess.com/livechess/game?id=1018589279","livechess",1018589279,"Live Chess","2015-01-03","adridrisi","thinkboolean","1-0","1182","1195","5|0"
"http://www.chess.com/livechess/game?id=1018624675","livechess",1018624675,"Live Chess","2015-01-03","thinkboolean","petroslevantis1","0-1","1188","1232","10|0"
"http://www.chess.com/livechess/game?id=1020851375","livechess",1020851375,"Live Chess","2015-01-05","thinkboolean","handerbenitez","0-1","1178","1193","10|0"
"http://www.chess.com/livechess/game?id=1021013414","livechess",1021013414,"Live Chess","2015-01-06","thinkboolean","rnqhstjr1234","0-1","1180","1240","10|0"
"http://www.chess.com/livechess/game?id=1015674935","livechess",1015674935,"Live Chess","2014-12-31","thinkboolean","Mr_Nosegaffeier","0-1","1172","1226","3|0"
"http://www.chess.com/livechess/game?id=1015683546","livechess",1015683546,"Live Chess","2014-12-31","thinkboolean","Lues24","0-1","1157","1194","3|0"
"http://www.chess.com/livechess/game?id=1015687317","livechess",1015687317,"Live Chess","2014-12-31","Queenslayer17","thinkboolean","0-1","1181","1166","3|0"
"http://www.chess.com/livechess/game?id=1015699549","livechess",1015699549,"Live Chess","2014-12-31","thinkboolean","Queenslayer17","1-0","1167","1180","3|0"
"http://www.chess.com/livechess/game?id=1016968890","livechess",1016968890,"Live Chess","2015-01-02","Maestr00","thinkboolean","0-1","1115","1167","3|0"
"http://www.chess.com/livechess/game?id=1016977143","livechess",1016977143,"Live Chess","2015-01-02","liviulozneanu77","thinkboolean","1-0","1209","1160","3|0"
"http://www.chess.com/livechess/game?id=1016979427","livechess",1016979427,"Live Chess","2015-01-02","thinkboolean","papphode","1-0","1167","1128","3|0"
"http://www.chess.com/livechess/game?id=1016982587","livechess",1016982587,"Live Chess","2015-01-02","thinkboolean","rbailey88","1-0","1175","1152","3|0"
"http://www.chess.com/livechess/game?id=1017824476","livechess",1017824476,"Live Chess","2015-01-02","simo_phillips","thinkboolean","1-0","1214","1182","5|0"
"http://www.chess.com/livechess/game?id=1018576228","livechess",1018576228,"Live Chess","2015-01-03","LopareZemunBrisbane","thinkboolean","0-1","1136","1197","5|0"
"http://www.chess.com/livechess/game?id=1018600849","livechess",1018600849,"Live Chess","2015-01-03","thinkboolean","moono1234","1-0","1211","1194","10|0"
"http://www.chess.com/livechess/game?id=1018647480","livechess",1018647480,"Live Chess","2015-01-03","thinkboolean","gurskijigor","1-0","1188","1160","10|0"
"http://www.chess.com/livechess/game?id=1020347683","livechess",1020347683,"Live Chess","2015-01-05","thinkboolean","alex_xandr","1-0","1179","1156","10|0"
"http://www.chess.com/livechess/game?id=1021020972","livechess",1021020972,"Live Chess","2015-01-06","brichard6","thinkboolean","0-1","1136","1187","10|0"
"http://www.chess.com/livechess/game?id=1021030396","livechess",1021030396,"Live Chess","2015-01-06","Raamstraat35","thinkboolean","0-1","1166","1188","10|0"
"http://www.chess.com/livechess/game?id=1021052818","livechess",1021052818,"Live Chess","2015-01-06","thinkboolean","edomedo1234","1-0","1214","1209","10|0"
"http://www.chess.com/livechess/game?id=1021058414","livechess",1021058414,"Live Chess","2015-01-06","thinkboolean","edomedo1234","0-1","1214","1209","10|0"
"http://www.chess.com/livechess/game?id=1021062620","livechess",1021062620,"Live Chess","2015-01-06","edomedo1234","thinkboolean","0-1","1201","1222","10|0"
"http://www.chess.com/livechess/game?id=1021076667","livechess",1021076667,"Live Chess","2015-01-06","espirituernan","thinkboolean","1-0","1214","1221","10|0"
"http://www.chess.com/livechess/game?id=1021603063","livechess",1021603063,"Live Chess","2015-01-06","pouyaa10","thinkboolean","0-1","1221","1221","10|0"
"http://www.chess.com/livechess/game?id=1021611075","livechess",1021611075,"Live Chess","2015-01-06","thinkboolean","pouyaa10","0-1","1213","1230","10|0"
"http://www.chess.com/livechess/game?id=1021669147","livechess",1021669147,"Live Chess","2015-01-06","JavierIgnacioPerezCa","thinkboolean","1-0","1233","1205","10|0"
"http://www.chess.com/livechess/game?id=1021733166","livechess",1021733166,"Live Chess","2015-01-06","thinkboolean","Halma","0-1","1205","1244","10|0"
"http://www.chess.com/livechess/game?id=1021953975","livechess",1021953975,"Live Chess","2015-01-06","thinkboolean","gotoff","0-1","1188","1194","10|0"
"http://www.chess.com/livechess/game?id=1021961667","livechess",1021961667,"Live Chess","2015-01-06","thinkboolean","edomedo1234","1-0","1197","1223","10|0"
"http://www.chess.com/livechess/game?id=1021962703","livechess",1021962703,"Live Chess","2015-01-06","RodriekC","thinkboolean","1-0","1200","1189","10|0"
"http://www.chess.com/livechess/game?id=1021969382","livechess",1021969382,"Live Chess","2015-01-06","thinkboolean","RodriekC","0-1","1181","1208","10|0"
"http://www.chess.com/livechess/game?id=1022023826","livechess",1022023826,"Live Chess","2015-01-07","thinkboolean","lvcabchronicles","0-1","1166","1222","10|0"
"http://www.chess.com/livechess/game?id=1022388522","livechess",1022388522,"Live Chess","2015-01-07","Rookotronic","thinkboolean","1-0","1174","1150","10|0"
"http://www.chess.com/livechess/game?id=1022419155","livechess",1022419155,"Live Chess","2015-01-07","Herr_von_Tiger","thinkboolean","0-1","1120","1157","10|0"
"http://www.chess.com/livechess/game?id=1022430519","livechess",1022430519,"Live Chess","2015-01-07","thinkboolean","artel1","0-1","1150","1201","10|0"
"http://www.chess.com/livechess/game?id=1022446348","livechess",1022446348,"Live Chess","2015-01-07","fannintime","thinkboolean","0-1","1152","1149","10|0"
"http://www.chess.com/livechess/game?id=1022949132","livechess",1022949132,"Live Chess","2015-01-07","thinkboolean","ServalCat","1-0","1148","1106","10|0"
"http://www.chess.com/livechess/game?id=1022955942","livechess",1022955942,"Live Chess","2015-01-07","thinkboolean","ServalCat","0-1","1130","1124","10|0"
"http://www.chess.com/livechess/game?id=1022971056","livechess",1022971056,"Live Chess","2015-01-07","POMONA99","thinkboolean","0-1","1021","1133","10|0"
"http://www.chess.com/livechess/game?id=1022974784","livechess",1022974784,"Live Chess","2015-01-07","thinkboolean","POMONA99","1-0","1139","1015","10|0"
"http://www.chess.com/livechess/game?id=1022979978","livechess",1022979978,"Live Chess","2015-01-08","jensfleischhut","thinkboolean","0-1","1086","1139","10|0"
"http://www.chess.com/livechess/game?id=1024458815","livechess",1024458815,"Live Chess","2015-01-09","thinkboolean","pawnder8","1-0","1132","1123","10|0"
"http://www.chess.com/livechess/game?id=1024465904","livechess",1024465904,"Live Chess","2015-01-09","thinkboolean","manuelarizachacon1","0-1","1134","1182","10|0"
"http://www.chess.com/livechess/game?id=1024878418","livechess",1024878418,"Live Chess","2015-01-09","thinkboolean","Rookie2play","0-1","1125","1111","10|0"
"http://www.chess.com/livechess/game?id=1024902135","livechess",1024902135,"Live Chess","2015-01-09","kulgion","thinkboolean","0-1","1120","1124","10|0"
"http://www.chess.com/livechess/game?id=1024925903","livechess",1024925903,"Live Chess","2015-01-09","groovebye","thinkboolean","0-1","1098","1148","10|0"
"http://www.chess.com/livechess/game?id=1027124156","livechess",1027124156,"Live Chess","2015-01-12","lyon90","thinkboolean","1-0","1128","1139","10|0"
"http://www.chess.com/livechess/game?id=1027139026","livechess",1027139026,"Live Chess","2015-01-12","thinkboolean","rdax","0-1","1124","1170","10|0"
"http://www.chess.com/livechess/game?id=1027140977","livechess",1027140977,"Live Chess","2015-01-12","pswann64","thinkboolean","1-0","1163","1117","10|0"
"http://www.chess.com/livechess/game?id=1027743840","livechess",1027743840,"Live Chess","2015-01-12","thinkboolean","cassell777","0-1","1117","1131","10|0"
"http://www.chess.com/livechess/game?id=1028269101","livechess",1028269101,"Live Chess","2015-01-13","Gustavson","thinkboolean","1-0","1206","1120","10|0"
"http://www.chess.com/livechess/game?id=1028312321","livechess",1028312321,"Live Chess","2015-01-13","usama-ahmd-nela","thinkboolean","1/2-1/2","1158","1129","10|0"
"http://www.chess.com/livechess/game?id=1028326840","livechess",1028326840,"Live Chess","2015-01-13","thinkboolean","havardgreger","1-0","1137","1104","10|0"
"http://www.chess.com/livechess/game?id=1031100692","livechess",1031100692,"Live Chess","2015-01-16","thinkboolean","Cannonborough","1-0","1139","1210","10|0"
"http://www.chess.com/livechess/game?id=1031101983","livechess",1031101983,"Live Chess","2015-01-16","Cannonborough","thinkboolean","0-1","1200","1149","10|0"
"http://www.chess.com/livechess/game?id=1031108541","livechess",1031108541,"Live Chess","2015-01-16","thinkboolean","samist","1-0","1156","1116","10|0"
"http://www.chess.com/livechess/game?id=1031135367","livechess",1031135367,"Live Chess","2015-01-16","thinkboolean","groovebye","1-0","1161","1117","10|0"
"http://www.chess.com/livechess/game?id=1031150074","livechess",1031150074,"Live Chess","2015-01-16","hollywood1usa","thinkboolean","1-0","1213","1154","10|0"
"http://www.chess.com/livechess/game?id=1031162940","livechess",1031162940,"Live Chess","2015-01-16","thinkboolean","hollywood1usa","1/2-1/2","1155","1212","10|0"
"http://www.chess.com/livechess/game?id=1031178730","livechess",1031178730,"Live Chess","2015-01-16","hollywood1usa","thinkboolean","1-0","1219","1148","10|0"
"http://www.chess.com/livechess/game?id=1031516230","livechess",1031516230,"Live Chess","2015-01-16","DaddyNickell","thinkboolean","0-1","1163","1157","10|0"
"http://www.chess.com/livechess/game?id=1031585708","livechess",1031585708,"Live Chess","2015-01-16","thinkboolean","gr8maple","1-0","1152","1119","10|0"
"http://www.chess.com/livechess/game?id=1031604293","livechess",1031604293,"Live Chess","2015-01-16","odniflo25","thinkboolean","0-1","1109","1159","10|0"
"http://www.chess.com/livechess/game?id=1031623543","livechess",1031623543,"Live Chess","2015-01-16","paxorbis","thinkboolean","0-1","1119","1166","10|0"
"http://www.chess.com/livechess/game?id=1031640551","livechess",1031640551,"Live Chess","2015-01-16","thinkboolean","facetznj","1-0","1184","1173","10|0"
"http://www.chess.com/livechess/game?id=1033800327","livechess",1033800327,"Live Chess","2015-01-19","thinkboolean","ikmushu","0-1","1159","1207","10|0"
"http://www.chess.com/livechess/game?id=1033809299","livechess",1033809299,"Live Chess","2015-01-19","thinkboolean","drawyourbrakes","1-0","1166","1119","10|0"
"http://www.chess.com/livechess/game?id=1033813502","livechess",1033813502,"Live Chess","2015-01-19","thinkboolean","MarcelVasa","0-1","1159","1207","10|0"
"http://www.chess.com/livechess/game?id=1033819915","livechess",1033819915,"Live Chess","2015-01-19","thinkboolean","Blake_Dollaz","1-0","1167","1135","10|0"
"http://www.chess.com/livechess/game?id=1033822023","livechess",1033822023,"Live Chess","2015-01-19","Blake_Dollaz","thinkboolean","1-0","1144","1158","10|0"
"http://www.chess.com/livechess/game?id=1034567042","livechess",1034567042,"Live Chess","2015-01-19","QuinnAnderson","thinkboolean","0-1","1075","1164","10|0"
"http://www.chess.com/livechess/game?id=1035156397","livechess",1035156397,"Live Chess","2015-01-20","johnnypags","thinkboolean","1-0","1221","1175","10|0"
"http://www.chess.com/livechess/game?id=1035174826","livechess",1035174826,"Live Chess","2015-01-20","KjellJohansen67","thinkboolean","0-1","1193","1190","10|0"
"http://www.chess.com/livechess/game?id=1035193646","livechess",1035193646,"Live Chess","2015-01-20","dariot","thinkboolean","1-0","1173","1182","10|0"
"http://www.chess.com/livechess/game?id=1035261722","livechess",1035261722,"Live Chess","2015-01-20","thinkboolean","hollywood1usa","1-0","1190","1184","10|0"
"http://www.chess.com/livechess/game?id=1035277251","livechess",1035277251,"Live Chess","2015-01-20","thinkboolean","Alex_J_Honduras","1-0","1198","1197","10|0"
"http://www.chess.com/livechess/game?id=1035281967","livechess",1035281967,"Live Chess","2015-01-20","Alex_J_Honduras","thinkboolean","1-0","1205","1190","10|0"
"http://www.chess.com/livechess/game?id=1035953776","livechess",1035953776,"Live Chess","2015-01-21","thinkboolean","j0hnnnybrav0","0-1","1172","1154","5|0"
"http://www.chess.com/livechess/game?id=1035961955","livechess",1035961955,"Live Chess","2015-01-21","niranjanharan","thinkboolean","1-0","1153","1163","5|0"
"http://www.chess.com/livechess/game?id=1035967391","livechess",1035967391,"Live Chess","2015-01-21","oktopuspaul","thinkboolean","1-0","1238","1157","5|0"
"http://www.chess.com/livechess/game?id=1035984510","livechess",1035984510,"Live Chess","2015-01-21","thinkboolean","pratman121","0-1","1166","1202","5|0"
"http://www.chess.com/livechess/game?id=1036387579","livechess",1036387579,"Live Chess","2015-01-21","arvesco","thinkboolean","1-0","1171","1150","5|0"
"http://www.chess.com/livechess/game?id=1036394831","livechess",1036394831,"Live Chess","2015-01-21","lgmontoya","thinkboolean","0-1","1104","1157","5|0"
"http://www.chess.com/livechess/game?id=1036400135","livechess",1036400135,"Live Chess","2015-01-21","eliagirgis","thinkboolean","0-1","1155","1165","5|0"
"http://www.chess.com/livechess/game?id=1036574406","livechess",1036574406,"Live Chess","2015-01-21","thinkboolean","akiva112","1-0","1172","1128","5|0"
"http://www.chess.com/livechess/game?id=1038203421","livechess",1038203421,"Live Chess","2015-01-23","thinkboolean","DChristopherD","1-0","1183","1145","5|0"
"http://www.chess.com/livechess/game?id=1038212938","livechess",1038212938,"Live Chess","2015-01-23","DChristopherD","thinkboolean","1-0","1154","1174","5|0"
"http://www.chess.com/livechess/game?id=1040241293","livechess",1040241293,"Live Chess","2015-01-25","thinkboolean","Tauger74","1-0","1190","1170","5|0"
"http://www.chess.com/livechess/game?id=1040293243","livechess",1040293243,"Live Chess","2015-01-25","judd5","thinkboolean","0-1","1255","1214","5|0"
"http://www.chess.com/livechess/game?id=1040295514","livechess",1040295514,"Live Chess","2015-01-25","DoubleD55","thinkboolean","1-0","1206","1206","5|0"
"http://www.chess.com/livechess/game?id=1040344063","livechess",1040344063,"Live Chess","2015-01-25","gpktaylor","thinkboolean","0-1","1219","1224","5|0"
"http://www.chess.com/livechess/game?id=1040383949","livechess",1040383949,"Live Chess","2015-01-25","thinkboolean","SilvaUFC","0-1","1217","1238","5|0"
"http://www.chess.com/livechess/game?id=1040386599","livechess",1040386599,"Live Chess","2015-01-25","thinkboolean","thor1962","0-1","1208","1203","5|0"
"http://www.chess.com/livechess/game?id=1041385147","livechess",1041385147,"Live Chess","2015-01-26","papanaya","thinkboolean","1-0","1121","1174","5|0"
"http://www.chess.com/livechess/game?id=1076713971","livechess",1076713971,"Live Chess","2015-03-02","thinkboolean","dgrin095","0-1","1229","1236","5|0"
"http://www.chess.com/livechess/game?id=1075639456","livechess",1075639456,"Live Chess","2015-03-01","thinkboolean","Shambo4321","1-0","1230","1229","5|0"
"http://www.chess.com/livechess/game?id=1076420147","livechess",1076420147,"Live Chess","2015-03-02","Soseldom2","thinkboolean","0-1","1184","1237","5|0"
"http://www.chess.com/livechess/game?id=1076716582","livechess",1076716582,"Live Chess","2015-03-02","thinkboolean","g00dkn1ght","1-0","1237","1234","5|0"
"http://www.chess.com/livechess/game?id=1076719625","livechess",1076719625,"Live Chess","2015-03-02","g00dkn1ght","thinkboolean","1-0","1242","1229","5|0"
"http://www.chess.com/livechess/game?id=1076726322","livechess",1076726322,"Live Chess","2015-03-02","thinkboolean","g00dkn1ght","1-0","1237","1234","5|0"
"http://www.chess.com/livechess/game?id=1076748921","livechess",1076748921,"Live Chess","2015-03-02","phillyexile","thinkboolean","0-1","1199","1244","5|0"
"http://www.chess.com/livechess/game?id=1076752909","livechess",1076752909,"Live Chess","2015-03-02","thinkboolean","dizzyg53","0-1","1237","1290","5|0"
"http://www.chess.com/livechess/game?id=1076756555","livechess",1076756555,"Live Chess","2015-03-02","heyheyhey7744","thinkboolean","0-1","1261","1246","5|0"
"http://www.chess.com/livechess/game?id=1076757165","livechess",1076757165,"Live Chess","2015-03-02","DarioAguillon","thinkboolean","0-1","1266","1255","5|0"
"http://www.chess.com/livechess/game?id=1076762611","livechess",1076762611,"Live Chess","2015-03-02","InArizona","thinkboolean","1-0","1244","1247","5|0"
"http://www.chess.com/livechess/game?id=1076765157","livechess",1076765157,"Live Chess","2015-03-02","thinkboolean","Kirppu","0-1","1239","1235","5|0"
